<?xml version="1.0" encoding="utf-8" ?>
<dwsync>
<file name="azul 200.jpg" server="indigo.net76.net//public_html/" local="128626110720000000" remote="128628102000000000" />
<file name="azul.jpg" server="indigo.net76.net//public_html/" local="128626106900000000" remote="128628102000000000" />
<file name="azul.png" server="indigo.net76.net//public_html/" local="128626106820000000" remote="128628102000000000" />
<file name="azul200m.jpg" server="indigo.net76.net//public_html/" local="128626816300000000" remote="128628102000000000" />
<file name="back2.gif" server="indigo.net76.net//public_html/" local="128626067640000000" remote="128628102000000000" />
<file name="background2.gif" server="indigo.net76.net//public_html/" local="128625185920000000" remote="128628102000000000" />
<file name="degrade_azul.jpg" server="indigo.net76.net//public_html/" local="128626095200000000" remote="128628102000000000" />
<file name="degrade_azul2.jpg" server="indigo.net76.net//public_html/" local="128626101520000000" remote="128628102000000000" />
<file name="img01.gif" server="indigo.net76.net//public_html/" local="128413298580000000" remote="128628102000000000" />
<file name="img02.gif" server="indigo.net76.net//public_html/" local="128413298580000000" remote="128628102000000000" />
<file name="img03.gif" server="indigo.net76.net//public_html/" local="128413298600000000" remote="128628102000000000" />
<file name="img04.gif" server="indigo.net76.net//public_html/" local="128413298620000000" remote="128628102600000000" />
<file name="img11.gif" server="indigo.net76.net//public_html/" local="128454759280000000" remote="128628102600000000" />
<file name="img12.jpg" server="indigo.net76.net//public_html/" local="128454828140000000" remote="128628102600000000" />
<file name="img13.gif" server="indigo.net76.net//public_html/" local="128454857440000000" remote="128628102600000000" />
<file name="img18.gif" server="indigo.net76.net//public_html/" local="128454839780000000" remote="128628102600000000" />
<file name="maior.gif" server="indigo.net76.net//public_html/" local="128626061320000000" remote="128628102600000000" />
<file name="maior.png" server="indigo.net76.net//public_html/" local="128626061120000000" remote="128628102600000000" />
<file name="maior2.jpg" server="indigo.net76.net//public_html/" local="128626817700000000" remote="128628102600000000" />
<file name="ped.gif" server="indigo.net76.net//public_html/" local="128626060020000000" remote="128628102600000000" />
<file name="spacer.gif" server="indigo.net76.net//public_html/" local="128413298620000000" remote="128628102600000000" />
<file name="bgLogo.jpg" server="indigo.net76.net//public_html/" local="128628135020312496" remote="128628102000000000" />
</dwsync>