<?xml version="1.0"?>
<OntoLP>
<nome>nome</nome>
<mail>e-mail</mail>
<instituicao>instituição</instituicao>
<grupo>grupo</grupo>
<projeto>projeto</projeto>
<site>site</site>
<aplicacao>aplicação</aplicacao>
<producaoCientifica>produção científica</producaoCientifica>
<comentarios>comentário</comentarios>
<ontoAnoCronstrucao>2009</ontoAnoCronstrucao>
<ontoDominio>domínio</ontoDominio>
<ontoLingua>lingua</ontoLingua>
<ontoNumEspecialistas>numEspecialistas</ontoNumEspecialistas>
<ontoLinguagem>linguagem</ontoLinguagem>
<ontoURL>HTTP</ontoURL>
<ferrNome>NomeFerramenta</ferrNome>
<ferrLinguagem>C++</ferrLinguagem>
<ferrLicenca>GPL</ferrLicenca>
<outroDescRecurso>descrição recurso</outroDescRecurso>
</OntoLP>
